Row,Panel,Genotype,ELN
2130,DP,B73_NAM,4
2130,DP,B73_NAM,4
2130,DP,B73_NAM,4
2130,DP,B73_NAM,5
2130,DP,B73_NAM,3
2130,DP,B73_NAM,4
2131,DP,CML312,4
2132,DP,CIMMYTMA-007876,4
2133,DP,CIMMYTMA-028370,5
2134,DP,CIMMYTMA-014578,4
2135,DP,CIMMYTMA-018202,4
2136,DP,CIMMYTMA-013374,4
2137,DP,CIMMYTMA-000861,5
2138,DP,CIMMYTMA-026945,5
2139,DP,CIMMYTMA-000686,5
2140,DP,CIMMYTMA-005266,5
2141,DP,CIMMYTMA-000743,4
2142,DP,CIMMYTMA-012541,4
2143,DP,CIMMYTMA-008993,5
2144,DP,CIMMYTMA-012440,4
2145,DP,CIMMYTMA-026035,4
2146,DP,CIMMYTMA-017852,3
2147,DP,CIMMYTMA-005606,4
2148,DP,CIMMYTMA-014453,3
2149,DP,CIMMYTMA-014497,3
2150,DP,CIMMYTMA-014287,3
2151,DP,CIMMYTMA-008025,4
2152,DP,CIMMYTMA-020752,5
2153,DP,CIMMYTMA-027102,3
2154,DP,CIMMYTMA-005460,6
2155,DP,CIMMYTMA-010234,4
2156,DP,CIMMYTMA-014383,4
2157,DP,CIMMYTMA-024848,5
2158,DP,CIMMYTMA-024894,3
2159,DP,CIMMYTMA-026029,5
2160,DP,CIMMYTMA-018244,4
2161,DP,CIMMYTMA-026034,4
2162,DP,B73_NAM,4
2163,DP,CML312,4
2164,DP,CIMMYTMA-015032,3
2165,DP,CIMMYTMA-016874,4
2166,DP,CIMMYTMA-008361,4
2167,DP,CIMMYTMA-008367,4
2168,DP,CIMMYTMA-016261,4
2169,DP,CIMMYTMA-020218,5
2170,DP,CIMMYTMA-010248,4
2171,DP,CIMMYTMA-013311,4
2172,DP,CIMMYTMA-025151,4
2173,DP,CIMMYTMA-025289,5
2174,DP,CIMMYTMA-002335,4
2175,DP,CIMMYTMA-001398,4
2176,DP,CIMMYTMA-001968,4
2177,DP,CIMMYTMA-005339,4
2178,DP,CIMMYTMA-017379,5
2179,DP,CIMMYTMA-021797,4
2180,DP,CIMMYTMA-012231,4
2181,DP,CIMMYTMA-017281,4
2182,DP,CIMMYTMA-011857,4
2183,DP,CIMMYTMA-024949,4
2184,DP,CIMMYTMA-013920,5
2185,DP,CIMMYTMA-017793,2
2186,DP,CIMMYTMA-021313,5
2187,DP,CIMMYTMA-007076,5
2188,DP,CIMMYTMA-014998,5
2189,DP,CIMMYTMA-018635,4
2190,DP,CIMMYTMA-012290,4
2191,DP,CIMMYTMA-015086,3
2192,DP,CIMMYTMA-018374,5
2193,DP,CIMMYTMA-002345,4
2194,DP,CIMMYTMA-012342,4
2195,DP,CIMMYTMA-026062,5
2196,DP,CIMMYTMA-013771,5
2197,DP,CIMMYTMA-003266,4
2198,DP,CIMMYTMA-012085,5
2199,DP,CIMMYTMA-014588,4
2200,DP,CIMMYTMA-021332,5
2201,DP,CIMMYTMA-025845,4
2202,DP,CIMMYTMA-019738,4
2203,DP,CIMMYTMA-022843,4
2204,DP,CIMMYTMA-025027,5
2205,DP,CIMMYTMA-027432,5
2206,DP,CIMMYTMA-014017,4
2207,DP,CIMMYTMA-018888,4
2208,DP,B73_NAM,3
2209,DP,CML312,3
2210,DP,CIMMYTMA-012291,5
2211,DP,CIMMYTMA-009022,5
2212,DP,CIMMYTMA-007015,4
2213,DP,CIMMYTMA-008102,4
2214,DP,CIMMYTMA-021154,6
2215,DP,CIMMYTMA-000449,4
2216,DP,CIMMYTMA-018676,5
2217,DP,CIMMYTMA-028912,4
2218,DP,CIMMYTMA-023180,6
2219,DP,CIMMYTMA-007584,5
2220,DP,CIMMYTMA-011854,5
2221,DP,CIMMYTMA-015009,5
2222,DP,CIMMYTMA-000547,5
2223,DP,CIMMYTMA-000554,4
2224,DP,CIMMYTMA-016818,5
2225,DP,CIMMYTMA-024902,5
2226,DP,CIMMYTMA-016832,5
2227,DP,CIMMYTMA-018242,5
2228,DP,CIMMYTMA-003229,5
2229,DP,CIMMYTMA-005613,5
2230,DP,CIMMYTMA-023713,5
2231,DP,CIMMYTMA-002276,5
2232,DP,B73_NAM,4
2233,DP,CML312,5
2234,DP,B73_NAM,5
2235,DP,CML312,5
2236,DP,B73_NAM,3
2237,DP,CML312,4
2238,DP,CIMMYTMA-008360,3
2239,DP,CIMMYTMA-008962,5
2240,DP,CIMMYTMA-021008,5
2241,DP,CIMMYTMA-000645,5
2242,DP,CIMMYTMA-014283,4
2243,DP,CIMMYTMA-014359,5
2244,DP,CIMMYTMA-014311,5
2245,DP,CIMMYTMA-014996,5
2246,DP,CIMMYTMA-024483,5
2247,DP,CIMMYTMA-026714,5
2248,DP,CIMMYTMA-007294,5
2249,DP,CIMMYTMA-007937,6
2250,DP,CIMMYTMA-021113,6
2251,DP,CIMMYTMA-007344,5
2252,DP,CIMMYTMA-025041,4
2253,DP,CIMMYTMA-006081,6
2254,DP,CIMMYTMA-019483,5
2255,DP,CIMMYTMA-023628,6
2256,DP,CIMMYTMA-001535,5
2257,DP,CIMMYTMA-007026,5
2258,DP,CIMMYTMA-024925,4
2259,DP,CIMMYTMA-009025,4
2260,DP,CIMMYTMA-016642,6
2261,DP,CIMMYTMA-023971,6
2391,DP,CIMMYTMA-014017,5
2392,DP,CIMMYTMA-018888,5
2393,DP,CIMMYTMA-005266,4
2394,DP,CIMMYTMA-000743,4
2395,DP,CIMMYTMA-012231,5
2396,DP,CIMMYTMA-017281,4
2397,DP,CIMMYTMA-014283,5
2398,DP,CIMMYTMA-014359,6
2399,DP,B73_NAM,5
2400,DP,CML312,5
2401,DP,CIMMYTMA-016818,5
2402,DP,CIMMYTMA-024902,6
2403,DP,B73_NAM,5
2404,DP,CML312,5
2405,DP,CIMMYTMA-013920,5
2406,DP,CIMMYTMA-017793,4
2407,DP,CIMMYTMA-021008,6
2408,DP,CIMMYTMA-000645,5
2409,DP,CIMMYTMA-012085,6
2410,DP,CIMMYTMA-014588,5
2411,DP,CIMMYTMA-012290,5
2412,DP,CIMMYTMA-015086,4
2413,DP,CIMMYTMA-020752,6
2414,DP,CIMMYTMA-027102,5
2415,DP,CIMMYTMA-025041,4
2416,DP,CIMMYTMA-006081,5
2417,DP,CIMMYTMA-017852,5
2418,DP,CIMMYTMA-005606,5
2419,DP,B73_NAM,3
2420,DP,CML312,5
2421,DP,CIMMYTMA-012342,5
2422,DP,CIMMYTMA-026062,6
2423,DP,CIMMYTMA-007294,7
2424,DP,CIMMYTMA-007937,7
2425,DP,CIMMYTMA-008361,5
2426,DP,CIMMYTMA-008367,4
2427,DP,CIMMYTMA-024925,6
2428,DP,CIMMYTMA-009025,4
2429,DP,CIMMYTMA-010248,5
2430,DP,CIMMYTMA-013311,5
2431,DP,CIMMYTMA-014998,5
2432,DP,CIMMYTMA-018635,5
2433,DP,CIMMYTMA-023180,5
2434,DP,CIMMYTMA-007584,5
2435,DP,CIMMYTMA-003229,5
2436,DP,CIMMYTMA-005613,6
2437,DP,CIMMYTMA-005460,5
2438,DP,CIMMYTMA-010234,6
2439,DP,CIMMYTMA-021332,5
2440,DP,CIMMYTMA-025845,5
2441,DP,CIMMYTMA-021154,6
2442,DP,CIMMYTMA-000449,5
2443,DP,CIMMYTMA-014311,5
2444,DP,CIMMYTMA-014996,5
2445,DP,CIMMYTMA-016832,6
2446,DP,CIMMYTMA-018242,5
2447,DP,CIMMYTMA-025027,4
2448,DP,CIMMYTMA-027432,5
2449,DP,CIMMYTMA-008360,5
2450,DP,CIMMYTMA-008962,5
2451,DP,CIMMYTMA-018676,5
2452,DP,CIMMYTMA-028912,5
2453,DP,CIMMYTMA-014287,5
2454,DP,CIMMYTMA-008025,4
2455,DP,CIMMYTMA-014578,4
2456,DP,CIMMYTMA-018202,6
2457,DP,CIMMYTMA-001968,5
2458,DP,CIMMYTMA-005339,5
2459,DP,CIMMYTMA-001535,5
2460,DP,CIMMYTMA-007026,4
2461,DP,CIMMYTMA-018244,5
2462,DP,CIMMYTMA-026034,5
2463,DP,CIMMYTMA-013374,5
2464,DP,CIMMYTMA-000861,5
2465,DP,CIMMYTMA-019738,5
2466,DP,CIMMYTMA-022843,6
2467,DP,CIMMYTMA-011854,5
2468,DP,CIMMYTMA-015009,6
2469,DP,CIMMYTMA-019483,7
2470,DP,CIMMYTMA-023628,6
2471,DP,CIMMYTMA-024483,5
2472,DP,CIMMYTMA-026714,5
2473,DP,CIMMYTMA-012291,6
2474,DP,CIMMYTMA-009022,5
2475,DP,CIMMYTMA-016261,4
2476,DP,CIMMYTMA-020218,5
2477,DP,CIMMYTMA-012541,6
2478,DP,CIMMYTMA-008993,5
2479,DP,CIMMYTMA-012440,5
2480,DP,CIMMYTMA-026035,5
2481,DP,CIMMYTMA-011857,5
2482,DP,CIMMYTMA-024949,5
2483,DP,CIMMYTMA-024894,4
2484,DP,CIMMYTMA-026029,5
2485,DP,B73_NAM,3
2486,DP,CML312,5
2487,DP,CIMMYTMA-025151,5
2488,DP,CIMMYTMA-025289,5
2489,DP,CIMMYTMA-014383,5
2490,DP,CIMMYTMA-024848,5
2491,DP,CIMMYTMA-017379,5
2492,DP,CIMMYTMA-021797,5
2493,DP,CIMMYTMA-023713,5
2494,DP,CIMMYTMA-002276,6
2495,DP,CIMMYTMA-007876,4
2496,DP,CIMMYTMA-028370,4
2497,DP,CIMMYTMA-018374,6
2498,DP,CIMMYTMA-002345,4
2499,DP,CIMMYTMA-002335,5
2500,DP,CIMMYTMA-001398,6
2501,DP,CIMMYTMA-021313,6
2502,DP,CIMMYTMA-007076,5
2503,DP,B73_NAM,5
2504,DP,CML312,5
2505,DP,CIMMYTMA-007015,4
2506,DP,CIMMYTMA-008102,5
2507,DP,B73_NAM,4
2508,DP,CML312,3
2509,DP,CIMMYTMA-021113,5
2510,DP,CIMMYTMA-007344,4
2511,DP,CIMMYTMA-016642,6
2512,DP,CIMMYTMA-023971,4
2513,DP,CIMMYTMA-000547,5
2514,DP,CIMMYTMA-000554,5
2515,DP,CIMMYTMA-026945,6
2516,DP,CIMMYTMA-000686,4
2517,DP,CIMMYTMA-014453,5
2518,DP,CIMMYTMA-014497,5
2519,DP,CIMMYTMA-015032,5
2520,DP,CIMMYTMA-016874,5
2521,DP,CIMMYTMA-013771,6
2522,DP,CIMMYTMA-003266,3
